<?xml version="1.0" encoding="UTF-8"?><rss version="2.0"
	xmlns:content="http://purl.org/rss/1.0/modules/content/"
	xmlns:wfw="http://wellformedweb.org/CommentAPI/"
	xmlns:dc="http://purl.org/dc/elements/1.1/"
	xmlns:atom="http://www.w3.org/2005/Atom"
	xmlns:sy="http://purl.org/rss/1.0/modules/syndication/"
	xmlns:slash="http://purl.org/rss/1.0/modules/slash/"
	>

<channel>
	<title>Forest Row</title>
	<atom:link href="/feed/" rel="self" type="application/rss+xml" />
	<link>/</link>
	<description>Forest Row is a community in East Sussex, the gateway to the Ashdown Forest.</description>
	<lastBuildDate>Mon, 12 Feb 2024 13:28:59 +0000</lastBuildDate>
	<language>en-US</language>
	<sy:updatePeriod>
	hourly	</sy:updatePeriod>
	<sy:updateFrequency>
	1	</sy:updateFrequency>
	

<image>
	<url>/wp-content/uploads/2024/02/Forest_Row_Logo-150x150.png</url>
	<title>Forest Row</title>
	<link>/</link>
	<width>32</width>
	<height>32</height>
</image> 
	<item>
		<title>The History of Forest Row</title>
		<link>/history-forest-row/</link>
		
		<dc:creator><![CDATA[Forest Row]]></dc:creator>
		<pubDate>Mon, 12 Feb 2024 07:24:58 +0000</pubDate>
				<category><![CDATA[Forest Row]]></category>
		<category><![CDATA[Forest Row History]]></category>
		<guid isPermaLink="false">/?p=203</guid>

					<description><![CDATA[An expansive history of Forest Row, following its development over the centuries changes in land use, and the evolving character of this historic East Sussex village.]]></description>
										<content:encoded><![CDATA[<p>An expansive history of Forest Row, following its development over the centuries changes in land use, and the evolving character of this historic East Sussex village. Evidence of prehistoric activity in and around Forest Row suggests that the area was inhabited or used by early humans, as indicated by flint tools and remains found in the vicinity. These findings point to a long history&#8230;</p>
<p><a href="/history-forest-row/" rel="nofollow">Source</a></p>]]></content:encoded>
					
		
		
			</item>
		<item>
		<title>Frow Show 2024</title>
		<link>/frow-show-2024/</link>
		
		<dc:creator><![CDATA[Forest Row]]></dc:creator>
		<pubDate>Sat, 10 Feb 2024 09:09:30 +0000</pubDate>
				<category><![CDATA[Forest Row]]></category>
		<category><![CDATA[Forest Row Events]]></category>
		<category><![CDATA[Forest Row News]]></category>
		<guid isPermaLink="false">/?p=94</guid>

					<description><![CDATA[In March 2024 the Frow Show returns to Springhill Farm, next to the Weirwood Reservoir on the outskirts of Forest Row for a three-week run.]]></description>
										<content:encoded><![CDATA[<p>More tractors, more muck&#x2d;spreading, more great sketch comedy. The Frow Show is back. In March 2024 the Frow Show returns to Springhill Farm, next to the Weirwood Reservoir on the outskirts of Forest Row for a three&#x2d;week run. The 2024 show will bring a whole new swag of original songs and sketches presented cabaret&#x2d;style with a live band. Inspired by life in the whacky village of&#8230;</p>
<p><a href="/frow-show-2024/" rel="nofollow">Source</a></p>]]></content:encoded>
					
		
		
			</item>
		<item>
		<title>Forest Row Recycling</title>
		<link>/forest-row-recycling/</link>
		
		<dc:creator><![CDATA[Forest Row]]></dc:creator>
		<pubDate>Sat, 10 Feb 2024 09:09:18 +0000</pubDate>
				<category><![CDATA[Forest Row]]></category>
		<category><![CDATA[Forest Row Community]]></category>
		<guid isPermaLink="false">/?p=92</guid>

					<description><![CDATA[What the community can recycle in Forest Row.]]></description>
										<content:encoded><![CDATA[<p>Batteries &ndash; Household batteries can be dropped off in the Second Life shop Bras &ndash; Second Life shop now has a bra bank for collection of good quality but unwanted bras on behalf of Against Breast Cancer Christmas Trees &ndash; for the first 3 weeks of January christmas trees can be left at the back of the Community Centre where they will be collected and recycled as surface material for some&#8230;</p>
<p><a href="/forest-row-recycling/" rel="nofollow">Source</a></p>]]></content:encoded>
					
		
		
			</item>
		<item>
		<title>Forest Row Festival 2024</title>
		<link>/forest-row-festival-2024/</link>
		
		<dc:creator><![CDATA[Forest Row]]></dc:creator>
		<pubDate>Sat, 10 Feb 2024 08:20:41 +0000</pubDate>
				<category><![CDATA[Forest Row]]></category>
		<category><![CDATA[Forest Row Events]]></category>
		<category><![CDATA[Forest Row News]]></category>
		<guid isPermaLink="false">/?p=71</guid>

					<description><![CDATA[The Forest Row Festival takes place 14-16 June 2024, with music and performances on Forester’s Green in the heart of Forest Row. ]]></description>
										<content:encoded><![CDATA[<p>The Forest Row Festival focusses the music and performances on Forester&rsquo;s Green in the heart of Forest Row. Taking place 14&#x2d;16 June 2024, as well as the entertainment on the Green there are events all around the village over the weekend. The Forest Row Festival has been running for over 20 years, having first been established as a celebratory Village Bike Ride.</p>
<p><a href="/forest-row-festival-2024/" rel="nofollow">Source</a></p>]]></content:encoded>
					
		
		
			</item>
		<item>
		<title>The Forest Row Song</title>
		<link>/forest-row-song/</link>
		
		<dc:creator><![CDATA[Forest Row]]></dc:creator>
		<pubDate>Tue, 02 Sep 2014 06:22:00 +0000</pubDate>
				<category><![CDATA[Forest Row]]></category>
		<category><![CDATA[Forest Row News]]></category>
		<category><![CDATA[Forest Row Stories]]></category>
		<guid isPermaLink="false">/?p=171</guid>

					<description><![CDATA[Why is Forest Row awesome? The Forest Row Song shows you why...]]></description>
										<content:encoded><![CDATA[<p>Written and performed by Chris Packe Music by Tom Povilaitis Produced by Rob and JonJon Hunt Fovely female vocals by Eoni Blaxland Video edited by Jim Pirrie Huge energy and awesomeness provided by the folk of Forest Row. Want to paint an image of the spirited little village Community soul is how we measure our riches You&rsquo;ll find a&#8230;</p>
<p><a href="/forest-row-song/" rel="nofollow">Source</a></p>]]></content:encoded>
					
		
		
			</item>
	</channel>
</rss>
