<?xml version="1.0" encoding="UTF-8"?><rss version="2.0"
	xmlns:content="http://purl.org/rss/1.0/modules/content/"
	xmlns:dc="http://purl.org/dc/elements/1.1/"
	xmlns:atom="http://www.w3.org/2005/Atom"
	xmlns:sy="http://purl.org/rss/1.0/modules/syndication/"
	
	>
<channel>
	<title>
	Comments on: The Forest Row Song	</title>
	<atom:link href="/forest-row-song/feed/" rel="self" type="application/rss+xml" />
	<link>/forest-row-song/</link>
	<description>Forest Row is a community in East Sussex, the gateway to the Ashdown Forest.</description>
	<lastBuildDate>Mon, 12 Feb 2024 12:28:38 +0000</lastBuildDate>
	<sy:updatePeriod>
	hourly	</sy:updatePeriod>
	<sy:updateFrequency>
	1	</sy:updateFrequency>
	
</channel>
</rss>
